model,cv_folds,accuracy_mean,accuracy_std,precision_mean,precision_std,recall_mean,recall_std,f1_mean,f1_std,roc_auc_mean,roc_auc_std
Logistic Regression,5,0.7506666666666666,0.013727506854649338,0.4455866818971117,0.01601936908829118,0.752016129032258,0.07734423859277664,0.5584010468207642,0.029480187038178413,0.840708031435647,0.028089322372548672
Random Forest,5,0.7826666666666667,0.01913693345920978,0.4897004497004497,0.03816128899097748,0.5252016129032258,0.02935528181161498,0.5050625913281909,0.01659388934954334,0.7865857065899077,0.039777046865387924
Dummy Classifier,5,0.7893333333333332,0.003265986323710925,0.0,0.0,0.0,0.0,0.0,0.0,0.5,0.0
